id,created_at,text,media_url
957784837653516289,2018-01-29 01:17:54,Came away with two wins today! We‚Äôll return to action next Sunday for another doubleheader at home! https://t.co/PdKszoHbJu,http://pbs.twimg.com/media/DUq8OzwW0AAJ2MY.jpg
957655005040963584,2018-01-28 16:42:00,RT @BUAthletics: An action-filled day at the TTC with @TerrierTennis! #GoBU https://t.co/DwqlJxPyez,http://pbs.twimg.com/media/DUpE47XVwAA4u2o.jpg
957597437555806208,2018-01-28 12:53:15,#MatchDay https://t.co/AEx5pGCa8D,http://pbs.twimg.com/media/DUoRyhEVoAAQeEd.jpg
956896196253159424,2018-01-26 14:26:46,Our 2018 campaign begins this weekend! We open with a doubleheader at home against Southern New Hampshire and Siena! https://t.co/UQoV31CUGC,http://pbs.twimg.com/media/DUeUAoDW0AMy3fp.jpg
947863385634459648,2018-01-01 16:13:36,RT @BUAthletics: Happy New Year! #GoBU https://t.co/jFDb9vV2Bg,http://pbs.twimg.com/media/DSbiyOkXcAA9D99.jpg
947461968599937024,2017-12-31 13:38:30,Freshman Owen Lu getting ready for the spring season with world number one Simona Halep! https://t.co/3eza32Z52V,http://pbs.twimg.com/media/DSYPoRrXkAEOcy5.jpg
940699052919881728,2017-12-12 21:45:06,RT @BUAthletics: Wishing all of Terrier Nation celebrating Hanukkah a happy and festive eight nights! #GoBU https://t.co/MlIfxuaFmP,http://pbs.twimg.com/media/DQ4IFYdUIAA7xQH.jpg
929498337497231360,2017-11-11 23:57:27,Ending alumni day at the BU hockey game against UNH! #GoBU https://t.co/F6R4Gos1Sj,http://pbs.twimg.com/media/DOY9zlgVoAATU4S.jpg
927590528245551104,2017-11-06 17:36:30,Congrats to alumnus Jake De Vries for receiving the Aldo ‚ÄúBuff‚Äù Donelli Memorial Leadership Award this past weekend! https://t.co/RWfy0NwJzq,http://pbs.twimg.com/media/DN92qY6V4AM96vM.jpg
921030823775793152,2017-10-19 15:10:34,Moments away from Sauce‚Äôs first round singles match! #WeWill https://t.co/I6qm4ej8SM,http://pbs.twimg.com/media/DMgopZAUEAE2dPa.jpg
920999777382338560,2017-10-19 13:07:12,"ITA main draw today, first up Sauce and Owen for doubles at 9! https://t.co/ZB5nNk8zev",http://pbs.twimg.com/media/DMgMaBTUMAE_Lp-.jpg
916718717693825024,2017-10-07 17:35:48,Seconds away from the beginning of the Harvard Invitational! Tune in for updates! #WeWill https://t.co/Yw83TWSP98,http://pbs.twimg.com/media/DLjWzyzVYAAjTPg.jpg
914101603526987776,2017-09-30 12:16:20,Day two is underway at Brown! Simhadri/Soemarno start us off in doubles! #WeWill https://t.co/vgc8WOp2j6,http://pbs.twimg.com/media/DK-KjW6U8AAq_2F.jpg
913772475963596801,2017-09-29 14:28:29,Play is underway at the Brown Invitational! #GoBU #WeWill https://t.co/Z64ZkQvmfX,http://pbs.twimg.com/media/DK5fNvrUMAAXnZ-.jpg
909152464489807874,2017-09-16 20:30:13,Freshman Ethan Kolsky battling in the last match of the day #WeWill https://t.co/zm7Yrz5umO,http://pbs.twimg.com/media/DJ31VrIVoAAkI_d.jpg
908744422350827521,2017-09-15 17:28:48,Play is underway at UConn with Siozios/Bogatin and Lu/Avila on for doubles! https://t.co/PajRg89Wx3,http://pbs.twimg.com/media/DJyCOaDUEAEYhgi.jpg
907024026761089025,2017-09-10 23:32:34,Enjoyed a great day of bonding with @TerrierWTennis ! #OneBU #TwoTeamsOneProgram https://t.co/LDTzNHjLcG,http://pbs.twimg.com/media/DJZliitXgAEXAAu.jpg
905511996124221440,2017-09-06 19:24:18,"As our fall season begins, here's a quick glimpse at our 6 newcomers! https://t.co/dQ4tAOOAnh",http://pbs.twimg.com/media/DJEGW0dW4AACrq9.jpg
901934088214507520,2017-08-27 22:26:58,RT @TerrierFH: Terrier Classic champions!!! #BUFHApride https://t.co/l0mEiiJyk7,http://pbs.twimg.com/media/DIRCHXBXkAAeadM.jpg
890696788931432448,2017-07-27 22:13:57,Add another alumnus to the Houston family as Mario Sandoval starts his next chapter at McGovern Medical School! https://t.co/ASlfHXmew7,http://pbs.twimg.com/media/DFxkAMgVoAARAN7.jpg
887043936128258048,2017-07-17 20:18:49,Another successful recruiting trip to national clay courts in Florida üå¥! #SearchingforFutureTerriers https://t.co/Poicer8cS2,http://pbs.twimg.com/media/DE9pwKZVwAQKqSF.jpg
885130117206429696,2017-07-12 13:33:59,Coach Frieder reuniting with alumni in the H! #TerriersforLife https://t.co/SuMeO15WIp,http://pbs.twimg.com/media/DEidJWnXsAE8Cnd.jpg
883329271477006338,2017-07-07 14:18:04,"Congrats to Mario Sandoval, Jake De Vries, JP Avila and Marc Sable on receiving Patriot League Academic Honor Roll! https://t.co/JDZtLUMHBR",http://pbs.twimg.com/media/DEI3SWdUQAA2-eE.jpg
878053374448590848,2017-06-23 00:53:32,RT @TerriersFund: Thank you @leverageagency for hosting a great evening celebrating @BUAthletics in 2016-17! https://t.co/Q48NhuRqXA,http://pbs.twimg.com/media/DC9wlWaVoAAQNXo.jpg
872994011694473216,2017-06-09 01:49:26,#NationalBestFriendsDay https://t.co/0YjNdA248M,http://pbs.twimg.com/media/DB1_ax2XoAAS69F.jpg
868148890981347328,2017-05-26 16:56:39,"Congrats to Lucas Bombonatti, who graduated @buengugrad w/ a BS in Mechanical Eng &amp; will next work at AS Schneider! https://t.co/gu9u76ucjG",http://pbs.twimg.com/media/DAxIxWdUAAAkT0b.jpg
867780181171159041,2017-05-25 16:31:32,"Congrats to captain Jake De Vries, who graduated Cum Laude from @COMatBU! He'll attend grad school at UNC this fall! https://t.co/0tC9QFSLu0",http://pbs.twimg.com/media/DAr5d1TXsAAN6ys.jpg
867540456866840576,2017-05-25 00:38:57,"Congrats to Mario Sandoval, who graduated Magna Cum Laude from Sargent College! He will attend Med School this fall! https://t.co/9S8Au9QPj2",http://pbs.twimg.com/media/DAofQNkWAAEVPj2.jpg
867194081599991808,2017-05-24 01:42:35,"Congrats to Miguel, Mario, Jake, Lucas, and their families on their graduation! #ProudToBU https://t.co/vh4Mo30dDG",http://pbs.twimg.com/media/DAjkZbDXoAAyRxw.jpg
866394760331788288,2017-05-21 20:46:22,RT @BUAthletics: Congratulations to the Class of 2017‚Ä¶ we could not be more #ProudToBU!  https://t.co/VeIs08tRT9 https://t.co/qNAIr273QN,http://pbs.twimg.com/media/DAYGMmuWsAEZsOG.jpg
866339178258288641,2017-05-21 17:05:30,Had a great dinner last night with the Class of 2017 and their families! Looking forward to watching them graduate! https://t.co/8hwEYzrQhD,http://pbs.twimg.com/media/DAXa4phXUAEuTW1.jpg
862817775223545856,2017-05-11 23:52:42,RT @buwoten: Holding final practice before Friday's @NCAATennis 1st-Round matchup at No. 15 Duke! #GoBU https://t.co/jUFnaql1nc,http://pbs.twimg.com/media/C_lBuEMWAAIY-ja.jpg
860955521813237761,2017-05-06 20:32:46,Good times volunteering at the Special Olympics today! Congrats to all the athletes! https://t.co/3csT8jDcvX,http://pbs.twimg.com/media/C_K6evqXsAEpUeq.jpg
859526767954079744,2017-05-02 21:55:25,RT @buwoten: We will make our 17th @NCAATennis appearance at No. 15 Duke! More details to come. #GoBU https://t.co/CCkL70UN0L,http://pbs.twimg.com/media/C-2ld2TXoAA-S4O.jpg
859498177883406336,2017-05-02 20:01:48,"RT @TerrierLacrosse: Postseason, we're ready for you! #GoBU #RISE https://t.co/0L85lWn8ug",http://pbs.twimg.com/ext_tw_video_thumb/859496156069601284/pu/img/ssDyjdUTxjuAhQE8.jpg
859470808388956161,2017-05-02 18:13:03,"Also, senior captain Jake De Vries was named one of this year's Aldo ""Buff"" Donelli Leadership Award recipients! https://t.co/YES1BoXX7C",http://pbs.twimg.com/media/C-10I5DWsAI-tps.jpg
859467965120565249,2017-05-02 18:01:45,"Special shoutout to senior Miguel Cepeda, who earned the first ever Unsung Hero award at last night's Rhettys. https://t.co/e77nFJCXyk",http://pbs.twimg.com/media/C-1xjVeXcAAiRP9.jpg
859467593974984704,2017-05-02 18:00:17,Great time last night at The Rhettys honoring our student-athletes! All four seniors took home some hardware! https://t.co/T0BuYVEd7p,http://pbs.twimg.com/media/C-1xNt1XUAU1NAU.jpg
857035607821910017,2017-04-26 00:56:26,RT @BUMensLacrosse: SEE YOU IN BALTIMORE! https://t.co/U6MH9BPSve,http://pbs.twimg.com/media/C-TMyNAUAAAs88Z.jpg
856207143527219200,2017-04-23 18:04:25,"Had a great time in D.C. today, and made some new friends too! @ColumbiaXCTF https://t.co/y2pP0bi3p1",http://pbs.twimg.com/media/C-Hb2TjXYAAfRol.jpg
855769356940320768,2017-04-22 13:04:48,Getting warmed up for our Patriot League semifinal against Army West Point. Doubles begins at 10 a.m. #GoBU https://t.co/vz2zNYFK64,http://pbs.twimg.com/media/C-BNrm4UAAAx_LR.jpg
855597124834267136,2017-04-22 01:40:25,"Thank you to our coaches, parents, and athletics staff for their support here at Navy this weekend! https://t.co/gb9agUFi6h",http://pbs.twimg.com/media/C9-xCvqV0AAP66j.jpg
855461969284956160,2017-04-21 16:43:21,"After capturing doubles point, we quickly claim three singles points to advance to Saturday's semis vs. Army! #GoBU https://t.co/kN72ilOphk",http://pbs.twimg.com/media/C982HxpWAAAVYhw.jpg
855411796387213314,2017-04-21 13:23:59,We will be indoors today for the quarterfinals vs. Colgate. No. 8 Lafayette and No. 1 Army are currently underway. https://t.co/eYu6ReK6c6,http://pbs.twimg.com/media/C98IelIUwAAFaNY.jpg
855202072525930496,2017-04-20 23:30:37,Wrapping up our final practice before facing Colgate in the @PatriotLeague Quarterfinals Friday at 10:30am. #GoBU https://t.co/h8y80vXjZg,http://pbs.twimg.com/media/C95Jv6NXkAE2Eqa.jpg
853622952113434624,2017-04-16 14:55:45,Getting set to face Colgate in our regular season finale! Doubles begins at noon at Harvard's Beren Tennis Center https://t.co/0NslJxmKcI,http://pbs.twimg.com/media/C9ithdMXUAEshsz.jpg
850735545013723137,2017-04-08 15:42:14,Gameday #BeatArmy https://t.co/eddB4CijfS,http://pbs.twimg.com/media/C85rZWfWAAAqGJp.jpg
850420984859344896,2017-04-07 18:52:17,Getting set for warm ups against Lehigh for a critical Patriot League matchup at 4 pm #GoBU https://t.co/DF0BZWnhKE,http://pbs.twimg.com/media/C81NXnEXYAAz8cY.jpg
849823913546788866,2017-04-06 03:19:44,RT @BUAthletics: 43 minutes left and we‚Äôve raised 43% of the university total‚Ä¶ INCREDIBLE! https://t.co/VdEjnSrLG3 https://t.co/ZPg22gtGue,http://pbs.twimg.com/media/C8suGPbUIAAVUUi.jpg
849788929687662593,2017-04-06 01:00:43,3 hours left of #BUGivingDay! We're only 20 donors behind for a $1k bonus. Let's get it! https://t.co/2QCr7e2vmE https://t.co/5ncvEaknRg,http://pbs.twimg.com/media/C8sOhgqXUAIN5VI.jpg
849691410035093514,2017-04-05 18:33:13,Calling all college tennis fans! Let's show what makes our sport great. Make your impact at https://t.co/2QCr7e2vmE https://t.co/60rSZwSIxy,http://pbs.twimg.com/media/C8q11MTXsAgie3X.jpg
849636373837565952,2017-04-05 14:54:31,That feeling when you hit your $15k matching goal before 11 a.m. üòè Now let's WIN the Athletics Challenge! #GoBU https://t.co/7oC7qkZjZ2,http://pbs.twimg.com/ext_tw_video_thumb/849636340589363200/pu/img/LnDaXsQGscDyIbv0.jpg
849628645568249857,2017-04-05 14:23:49,RT @bualumni: The @TerrierTennis team is ready for #BUGivingDay! Go team!! https://t.co/6uTDAfOHX4,http://pbs.twimg.com/media/C8p02oiXcAErx78.jpg
849484023210684417,2017-04-05 04:49:08,#BUGivingDay is here! Help us win the day and reach our matching gift goal of $15k! To give: https://t.co/vWdCn0ZiNc https://t.co/0m9gJjnn7g,http://pbs.twimg.com/media/C8n5Kk4XcAATjm8.jpg
849278600956321793,2017-04-04 15:12:51,Put up the ones because there's just 1 day left until #BUGivingDay! Make your gift tomorrow! https://t.co/fsZXEI3ovM https://t.co/698EHcC09O,http://pbs.twimg.com/media/C8k-YgwXkAE5HsQ.jpg
849068563038175233,2017-04-04 01:18:15,You know when that hotline bling. That can only mean one thing. *Donate to BU Tennis on #BUGivingDay this Wednesday* https://t.co/AnAz1ZemO1,http://pbs.twimg.com/media/C8h_VMKXYAA7lat.jpg
848896753231417344,2017-04-03 13:55:32,TWO days away from #BUGivingDay! Make your impact and help us unlock $15k in matching gifts and $4k in prizes! #GoBU https://t.co/Ref9Y6WfwL,http://pbs.twimg.com/media/C8fjFzdXcAAzVvv.jpg
848174675360350208,2017-04-01 14:06:15,No April Fools here. We take on UConn at 5 pm tonight! And a reminder that #BUGivingDay is just 4 days away! https://t.co/KJW5jBmruX,http://pbs.twimg.com/media/C8VSXY1UwAEsVuw.jpg
847874979572174848,2017-03-31 18:15:22,RT @buwoten: One hour away from #SeniorDay! #GoBU #BleedScarlet https://t.co/N2RDzOWpwk,http://pbs.twimg.com/media/C8Q8Rw9XUAUwtRg.jpg
847158916307963904,2017-03-29 18:49:59,#BUGivingDay is ONE week away! Help us unlock thousands of dollars in bonus funds with your gift on April 5! https://t.co/VQWSpIudJJ,http://pbs.twimg.com/media/C8G2imPX0AEhiL0.jpg
845806377008332800,2017-03-26 01:15:29,Got it done tonight against Villanova. We'll conclude our road trip tomorrow at 3:30 p.m. at Marist #GoBU https://t.co/U0mgUkhbH6,http://pbs.twimg.com/media/C7zoZHPVAAE8Zlj.jpg
845780881579094020,2017-03-25 23:34:10,"RT @TerrierHockey: Just like yesterday, it‚Äôs a 1-1 game after two. #BUinND #GoBU https://t.co/0tShJ82cnr",http://pbs.twimg.com/media/C7zQ5P0VUAElx2D.jpg
845780827397083136,2017-03-25 23:33:57,When you take the laptop into Panera cause you can't miss a minute of @TerrierHockey let's go BU! https://t.co/BI4Z5AkRz9,http://pbs.twimg.com/media/C7zRK3rUwAEnw76.jpg
845775412726824960,2017-03-25 23:12:26,Satyajit Simhadri closes out our 5-2 win over Villanova with a 4-6 6-4 6-3 victory! https://t.co/oRRND06Ix0,http://pbs.twimg.com/ext_tw_video_thumb/845775331923390464/pu/img/NKPKfl8WH4E8vFrA.jpg
845774399445913601,2017-03-25 23:08:25,Freshman Marc Sable clinches BU's win over Villanova with a 6-3 4-6 6-2 victory! #GoBU https://t.co/7MkENVciCx,http://pbs.twimg.com/ext_tw_video_thumb/845774274799415296/pu/img/G2aP1VRaZuypXnLN.jpg
845668017048571904,2017-03-25 16:05:41,Big bus. Small team. Headed to Connecticut to face Villanova in a neutral site match at 4 p.m. #GoBU https://t.co/HYpoYpXUQr,http://pbs.twimg.com/media/C7xqkS_VUAE-WQO.jpg
845432212392726532,2017-03-25 00:28:41,RT @TerrierHockey: What a win. What a feeling. #BUinND #GoBU https://t.co/D6s4Q7XPcn,http://pbs.twimg.com/ext_tw_video_thumb/845421475188289536/pu/img/1xjHSYTNgfNyEW0A.jpg
845419081171947521,2017-03-24 23:36:30,"RT @TerrierHockey: TERRIER NATION, CHARLIE McAVOY IS YOUR HERO!! https://t.co/o1Sv0VDYbE",http://pbs.twimg.com/tweet_video_thumb/C7uGBnUUwAEI7wW.jpg
844718948012707841,2017-03-23 01:14:25,TWO weeks away from #BUGivingDay! Learn how to make your impact on BU Tennis at https://t.co/XEUGDjamrZ. #GoBU https://t.co/aGSs8QjPK3,http://pbs.twimg.com/media/C7kLZrWWkAAeFLm.jpg
844304488102006784,2017-03-21 21:47:31,Congrats to senior Lucas Bombonatti on earning his THIRD Player of the Week honor of the season! #GoBU https://t.co/EkM0dLzvGv,http://pbs.twimg.com/media/C7eSc7iWkAQXD9n.jpg
843604425444921344,2017-03-19 23:25:43,"Last match at the TTC for our 5 seniors, and they made the most of it, earning 6 of our 9 wins today #ProudToBU https://t.co/iQwKgVe4OF",http://pbs.twimg.com/media/C7UVwBcVwAAbEj6.jpg
843596379943567364,2017-03-19 22:53:44,Our 5 seniors cut the cake after our 7-0 win on Senior Day #ProudToBU https://t.co/QQKjHUISjP,http://pbs.twimg.com/media/C7UObpfWkAAZc5r.jpg
843497645352062976,2017-03-19 16:21:24,RT @TerrierHockey: In the NCAAs for the third straight year‚Ä¶ going to be quite the atmosphere in Fargo! #GoBU https://t.co/i5r3vGVNlF,http://pbs.twimg.com/media/C7SwEjFX4AEPt1o.jpg
843446864070541313,2017-03-19 12:59:37,Match day. Senior Day. Last home match of the spring. Plenty of reasons to come support your Terriers today! #GoBU https://t.co/XiFpbjMTmt,http://pbs.twimg.com/media/C7SGcxLXwAAWh3O.jpg
842846555514322947,2017-03-17 21:14:12,SENIOR DAY! Sunday at 3 p.m. Come out to the TTC and celebrate the careers of our 5 great seniors! #GoBU https://t.co/tuyqVvcloC,http://pbs.twimg.com/media/C7Jkd_eXkAAaM-C.jpg
842737935397076992,2017-03-17 14:02:35,Joint 7 am practice with @BostonUSoftball üëåüèª we think Marc earned his spot @BUAthletics https://t.co/m8yMgtcvxT,http://pbs.twimg.com/ext_tw_video_thumb/842737713870704641/pu/img/aPBaBcQKF8zZHQmq.jpg
841419082142482432,2017-03-13 22:41:56,RT @BUMensLacrosse: Another outstanding effort from our guys today. We‚Äôre coming back to Boston 7-0! https://t.co/8kJFpjrLC2,http://pbs.twimg.com/media/C60sk12WgAASB-E.jpg
840755352182374400,2017-03-12 02:44:31,Thank you to Marc Sable and his family for hosting an awesome team barbecue to end our Spring Break in Miami! https://t.co/ZpjtMkBlQP,http://pbs.twimg.com/media/C6r2hz5WYAAap9S.jpg
840561193597227009,2017-03-11 13:53:00,We're at Lynn University ready to wrap up our spring break trip at 10 a.m. against the #8 Fighting Knights #GoBU https://t.co/BgOEKKD14j,http://pbs.twimg.com/media/C6pF8YZWkAAqJ7S.jpg
840291753798250496,2017-03-10 20:02:20,We're at the Neil Schiff Tennis Center at the University of Miami. First serve with the Canes is at 4 p.m. #GoBU! https://t.co/hhZ6HTdtaN,http://pbs.twimg.com/media/C6lQ45qXAAYa-Tt.jpg
840029146017325056,2017-03-10 02:38:50,Team dinner with @buwoten at The Big Pink in Miami! https://t.co/0uFlCm8d0L,http://pbs.twimg.com/media/C6hiC44V0AAlODt.jpg
839579387808841729,2017-03-08 20:51:39,Marc Sable wins 4-6 6-3 10-8 on Court 5! Huge win for our freshman! https://t.co/FgVcTfdiSn,http://pbs.twimg.com/ext_tw_video_thumb/839579325083107329/pu/img/Yl4IjiV7sSwwDayt.jpg
839513913188311040,2017-03-08 16:31:28,"We're at Patch Reef Park in Boca Raton getting set to take on Keiser University, NAIA's 3rd ranked team #GoBU! https://t.co/u1Hl6muEZR",http://pbs.twimg.com/media/C6aNbVvXMAICH8S.jpg
839500892722298880,2017-03-08 15:39:44,#BUGivingDay is back on April 5! Support @TerrierTennis &amp; help us win the day. Learn more at https://t.co/vWdCn0ZiNc https://t.co/S8ubYOUkqK,http://pbs.twimg.com/media/C6aBjWxWQAExwos.jpg
839116697843957760,2017-03-07 14:13:05,When there's a rain delay during practice ‚òπÔ∏è https://t.co/F2BjhB0aBR,http://pbs.twimg.com/media/C6UkLr-WYAIvMwY.jpg
838787484649684992,2017-03-06 16:24:54,Day 2 in Miami! Gearing up for our first match of the trip on Wednesday against NAIA #3 Keiser University. #GoBU https://t.co/cPIzm5pdZ0,http://pbs.twimg.com/media/C6P4wxKVAAAqjib.jpg
838422598656659457,2017-03-05 16:14:59,Great first practice in Miami! We're off to the beach #GoBU https://t.co/KgFEgRRa1S,http://pbs.twimg.com/media/C6Ks2OtXMAAQ_38.jpg
835649976910950402,2017-02-26 00:37:34,"Got the W against Fairfield with wins by Marc, JP, and Mario. We're back at it tomorrow at 4 when we face Harvard! https://t.co/ihDdHeI4eB",http://pbs.twimg.com/media/C5jTM9VXEAMEztZ.jpg
834169635197087744,2017-02-21 22:35:13,"After leading us with a pair of wins over Navy, Lucas has earned his second @PatriotLeague Player of the Week award! https://t.co/nVhcZMkVmh",http://pbs.twimg.com/media/C5OQ3AEWcAAxbyh.jpg
833150879469551620,2017-02-19 03:07:03,BU defeats Navy 5-2 in the first Patriot League battle of the season! #ProudToBU https://t.co/nKnSvngRw2,http://pbs.twimg.com/media/C4_yTg2WcAI2Ag0.jpg
833070152103129089,2017-02-18 21:46:16,BU vs. Navy begins in 15 minutes at the MIT Bubble. Huge early season Patriot League matchup! #GoBU https://t.co/CnHaU2kslb,http://pbs.twimg.com/media/C4-o4FKXAAIDmq5.jpg
832692847576961029,2017-02-17 20:47:00,The Terriers are getting set to take on Boston College! Doubles begins at 4. Turn to @BUGameDay for updates #GoBU! https://t.co/Y59Qknrejs,http://pbs.twimg.com/media/C45RuV-UcAEaimM.jpg
830168840566927360,2017-02-10 21:37:30,We're warming up for our first road match of the season at the MIT Bubble! Check into @BUGameDay for updates #GoBU https://t.co/R4NP6gJoJP,http://pbs.twimg.com/media/C4VaH-qWEAUqSnH.jpg
829811165429690368,2017-02-09 21:56:13,Just some Terriers and a golden retriever. Thanks to JP's dog Tashi for supporting his fellow dogs this week! https://t.co/kUoUxAesUc,http://pbs.twimg.com/media/C4QU1-NW8AATKnw.jpg
829527628386357248,2017-02-09 03:09:33,Great win today to wrap up our five match homestand. We're on to MIT on Friday #GoBU https://t.co/k5q7rYWPol,http://pbs.twimg.com/media/C4MS-quWQAADhDI.jpg
829071793721835521,2017-02-07 20:58:13,We conclude a 5 match homestand tomorrow when we host Bentley &amp; former BU head coach Rick Edelmann to the TTC! #GoBU https://t.co/TbAoklLssx,http://pbs.twimg.com/media/C4F0ZdPWAAAaW_u.jpg
827982691836506113,2017-02-04 20:50:31,Come watch us take on Bryant tomorrow at 11 a.m. before you head over to the @BostonUMBB game at noon! #GoBU https://t.co/mlaRXhps7i,http://pbs.twimg.com/media/C32V3JFWMAIN3ak.jpg
827974378092638208,2017-02-04 20:17:29,RT @BUMensLacrosse: HOMIRE IN OT! WHAT A COMEBACK! https://t.co/lh0jSAdG7s,http://pbs.twimg.com/media/C32NwWyWYAES0DZ.jpg
827227869558431744,2017-02-02 18:51:07,Senior Jake De Vries shared his story at #DearWorld. What's yours? https://t.co/cCHedJrLRZ https://t.co/gXEgZMVUsX,http://pbs.twimg.com/media/C3rmvPfWcAAnnMk.jpg
825399587108184065,2017-01-28 17:46:11,We've got a big non-conference tilt coming up against Quinnipiac! We hope to see you tomorrow at 3 at the TTC! https://t.co/7tus0M31Iy,http://pbs.twimg.com/media/C3Roi3vWEAAqjeK.jpg
824260024235081728,2017-01-25 14:17:58,Congrats to senior Lucas Bombonatti who was named Patriot League Player of the Week after a 3-0 opening weekend! https://t.co/PVz7pbgHOJ,http://pbs.twimg.com/media/C3BcHVAXAAAG_S4.jpg
822475882602369025,2017-01-20 16:08:25,We're excited to kick off the year TOMORROW with a doubleheader! Come out to the TTC at 10 for a full day of tennis! https://t.co/D9BIaE57JV,http://pbs.twimg.com/media/C2oFcVBW8AAJp02.jpg
817549006578413568,2017-01-07 01:50:47,RT @TerrierHockey: A night to remember. #VeryProudToBU https://t.co/EuWNkiJsWR,http://pbs.twimg.com/media/C1dprxXW8AA28af.jpg
812354696467709952,2016-12-23 17:50:27,Happy Holidays to our friends and alumni! You can support our team by making your gift at https://t.co/BdAtnosgHs https://t.co/eRrOcj5bmO,http://pbs.twimg.com/media/C0YQSWoUsAQZx6O.jpg
809170217133867008,2016-12-14 22:56:28,Had a great time this morning @BostonSchools for the @buathletics Annual Holiday Reading! https://t.co/Shfl6OSf2v,http://pbs.twimg.com/media/CzrABQNW8AA7_cc.jpg
808741382374440960,2016-12-13 18:32:25,Miguel did it again! He broke his second weight room record of the week with a 7 mile airdyne time of 17:13! üö¥üèãüèΩ https://t.co/S1cjvbXZuk,http://pbs.twimg.com/media/Czk5_zjXgAEy-un.jpg
808149925238341632,2016-12-12 03:22:11,Last team dinner of the fall! Looking forward to recharging this holiday season to come back strong for the spring! https://t.co/lPwZ0DfTRE,http://pbs.twimg.com/media/CzcgEc0W8AEU7QL.jpg
806300880534376448,2016-12-07 00:54:44,Seniors Miguel Cepeda and Jake De Vries squatted 265 pounds to break the BU Tennis record of 260! üéæüèãüèΩ#dontskiplegday https://t.co/Sy9UfG3QNA,http://pbs.twimg.com/ext_tw_video_thumb/806300810078457861/pu/img/tPv9FT2RVMVv7dXV.jpg
801833598114480128,2016-11-24 17:03:21,RT @BUAthletics: Thankful for Terrier Nation everyday. Happy Thanksgiving! #GoBU ü¶ÉüçΩ https://t.co/STZtUWxFG4,http://pbs.twimg.com/media/CyCCf1VVQAABST5.jpg
801249005401415680,2016-11-23 02:20:24,RT @BUwhockey: Big OT win at Harvard thanks to Bach‚Äôs heroics! See you at Wally B Friday when we host Princeton! https://t.co/1hNLwsV7Yp,http://pbs.twimg.com/media/Cx6bHUZXEAEWzdc.jpg
796932459074088960,2016-11-11 04:27:59,RT @BUAthletics: The Terriers took on the #MannequinChallenge at #TerrierMadness tonight https://t.co/BL5Uq4H9bh,http://pbs.twimg.com/ext_tw_video_thumb/796929921939570688/pu/img/43p0vYpOdmSU3E_w.jpg
792112468717862913,2016-10-28 21:15:03,Get your Boston University Tennis apparel right here! Proceeds go directly to the team #GoBU https://t.co/FWvC33cCJm https://t.co/Jsyoax3Tgv,http://pbs.twimg.com/media/Cv4mFf_W8AYQ8mI.jpg
789864603719270400,2016-10-22 16:22:51,"After defeating Niagara yesterday at the ITA Northeast Regional, Lucas Bombonatti takes on Columbia today in Rd. 2! https://t.co/LM06JpwF89",http://pbs.twimg.com/media/CvYpqHIWIAAeaHL.jpg
784837185967165440,2016-10-08 19:25:41,RT @BUWOSOC: BU wins! Great TEAM victory today against Lafayette to make it 4 in a row! #ProudtoBU #BelieveInWe https://t.co/1UqA8bdujP,http://pbs.twimg.com/media/CuRHF5GWYAEcH3c.jpg
784234802245402624,2016-10-07 03:32:01,"Happy birthday to recent graduate and two time Terrier captain Josh Hurd! Hope you had a great day, mate! https://t.co/O5esAztkVD",http://pbs.twimg.com/media/CuIpZFxWEAAdWMU.jpg
782728512687968256,2016-10-02 23:46:34,"Congrats to senior captain Jake De Vries, who was tapped into the Scarlet Key Honor Society yesterday! #ProudToBU https://t.co/C4j8UcQQWI",http://pbs.twimg.com/media/CtzPbWbW8AESzLk.jpg
782390871069163520,2016-10-02 01:24:54,Enjoying the @TerrierHockey home opener @AgganisArena! #GoBU! https://t.co/6D08a9LcGd,http://pbs.twimg.com/media/CtucTXgWYAA4Kx8.jpg
782048600125743105,2016-10-01 02:44:50,RT @TerriersFund: @BUAthletics Coaches in the building. We love supporting our coaches and student-athletes! https://t.co/vify0sDB7i,http://pbs.twimg.com/media/Cto_YyCXYAA9VP3.jpg
777490657376108544,2016-09-18 12:53:12,Senior captains Mario Sandoval and Jake De Vries won two matches yesterday and will play in the semis today at UConn https://t.co/jt9Rj8k8tH,http://pbs.twimg.com/media/Csozn2mWEAUp194.jpg
777489979241033729,2016-09-18 12:50:30,Congrats to freshman Marc Sable who earned his first #collegetennis singles win yesterday at the UConn Invite #GoBU https://t.co/kiHdTjaDG9,http://pbs.twimg.com/media/CsozAfSWcAA4Wf1.jpg
776943612185677824,2016-09-17 00:39:26,Happy birthday to our head coach Dejan Stankovic! Celebrating on the road at UConn! https://t.co/DF0O8Uauo3,http://pbs.twimg.com/ext_tw_video_thumb/776943281775271940/pu/img/j2a5PTk8qRTLZgfL.jpg
776862562994515968,2016-09-16 19:17:23,"Breaking in the new uniforms at our first event of the fall, the UConn Invitational #GoBU https://t.co/KZPYwW3A6q",http://pbs.twimg.com/media/Csf4XqpXEAAot9w.jpg
775396813603999744,2016-09-12 18:13:01,Great time this weekend at Project Adventure bonding as a team while some players conquered their fear of heights! https://t.co/F3y4ykzaJH,http://pbs.twimg.com/media/CsLDSIuXEAEHIli.jpg
772913804682391552,2016-09-05 21:46:25,RT @BUWOSOC: It's finally here! Terrier Tailgate is tonight at 6 PM--SEE YOU THERE! https://t.co/amvUzRpG8v,http://pbs.twimg.com/media/CrnIz-GXgAAPZvT.jpg
772913790639800320,2016-09-05 21:46:22,RT @BUAthletics: Proud of #WhoWeAre! Excited for what should be a fantastic 2016-17 school year. #GoBU https://t.co/3VbjDDUjv8,http://pbs.twimg.com/media/Crnhsr6WAAETuzY.jpg
766987022435250180,2016-08-20 13:15:30,Thank you to BU Tennis alum Ben Sturner (COM '99) for hosting a fantastic alumni event in NYC on Thursday! https://t.co/u5hf4CjlMK,http://pbs.twimg.com/media/CqTioMQXYAEQXfp.jpg
765613737252315136,2016-08-16 18:18:34,We're excited to announce seniors Mario Sandoval and Jake De Vries as our captains for the 2016-17 season! #GoBU https://t.co/SWixTrkSqv,http://pbs.twimg.com/media/CqABnxHVIAAoEZ7.jpg
754412155659747328,2016-07-16 20:27:28,"Coach Stankovic and Frieder are on the recruiting trail at the Clay Court Championships in Delray Beach, Florida! https://t.co/LbALVcsNTZ",http://pbs.twimg.com/media/Cng12jKWIAIfqSL.jpg
749240256445181952,2016-07-02 13:56:12,"Congrats to these 5 Terriers on earning Patriot League Academic Honor Roll distinction!
https://t.co/A0Kpvle8k9 https://t.co/LvbTTdCDTE",http://pbs.twimg.com/media/CmXWB-WWIAAzBZ_.jpg
747501977689534465,2016-06-27 18:48:54,Your giving is what drives this team. Please consider making a gift prior to June 30 at https://t.co/9Bp3pL6ZPV. https://t.co/JRGfNMICSl,http://pbs.twimg.com/media/Cl-pD0sWIAAQ9aQ.jpg
745300867088277504,2016-06-21 17:02:28,RT @SAACBU: Welcoming the 2016-2017 Terrier SAAC Executive Board! üêæ https://t.co/CF4jxSfxLz,http://pbs.twimg.com/media/ClfT2TJVYAAYMxt.jpg
744940458703523840,2016-06-20 17:10:20,Congrats to the guys on achieving our program's highest Team GPA since 2003-04! #ProudToBU https://t.co/szo9L7s50V,http://pbs.twimg.com/media/ClaPZNVWgAAN8-8.jpg
731873219456712708,2016-05-15 15:45:47,RT @BUGameDay: SB: @BostonUSoftball is the 2016 @PatriotLeague champs!!!! #ProudToBU https://t.co/QO7H3UrwRo,http://pbs.twimg.com/ext_tw_video_thumb/731871974289489920/pu/img/whary-RxI-u8Dff6.jpg
730166367605919744,2016-05-10 22:43:22,"Congratulations, Jay on being named first team All-Patriot League! https://t.co/EXjsilii45",http://pbs.twimg.com/media/CiISbRJWsAAvdPU.jpg
727329574598615040,2016-05-03 02:50:58,"Josh, Jay, and Steffi represented men's tennis at the @BUAthletics Student-Athlete Awards Reception tonight! https://t.co/x6SL2kWJ02",http://pbs.twimg.com/media/Chf-YrcWYAA7AMi.jpg
726229728122777600,2016-04-30 02:00:34,"Strong play from these guys tonight. Sauce and Lucas stepped up their dubs late in the season, they were big for us https://t.co/ls3oDWWCYW",http://pbs.twimg.com/media/ChQWFGMWIAAEv33.jpg
726224116064346116,2016-04-30 01:38:16,"Can't thank these seniors enough for their dedication to BU Tennis. Josh and Steffi, we'll miss you #ProudToBU https://t.co/kqoPw7reoB",http://pbs.twimg.com/media/ChQQ-fpWMAEbu6Z.jpg
726223771888173057,2016-04-30 01:36:54,"Heartbreaking way to end our season. Great wins by Sauce, Lucas, and Jake. A memorable season for our guys #GoBU https://t.co/rYmUWKrccD",http://pbs.twimg.com/media/ChQQqsvWkAAwbuC.jpg
726082032573550593,2016-04-29 16:13:41,"Our first round match against Bucknell is now set for 3 p.m. indoors due to rain #GoBU 
https://t.co/TRHPdr2JNd https://t.co/atuTbex8FD",http://pbs.twimg.com/media/ChOPv-TWkAADfnN.jpg
726026679274098689,2016-04-29 12:33:43,Thanks to @butoday for the preview of the 2016 PL Tournament! #GoBU https://t.co/mZ5tehZ6xm https://t.co/zp5d30ximu,http://pbs.twimg.com/media/ChNdaSTWYAAyyO0.jpg
725766059727446016,2016-04-28 19:18:07,It's tournament time! Follow the action as we begin our quest for the Patriot League title tomorrow at 2 vs Bucknell https://t.co/RXNSiCD2ix,http://pbs.twimg.com/media/ChJwYOqWYAABK4F.jpg
724384637208911872,2016-04-24 23:48:50,RT @buwoten: 'Nuff said. #ProudToBU #BleedScarlet https://t.co/ThR3nA1nLI https://t.co/SCXUH2rC83,http://pbs.twimg.com/media/Cg2Bq_TWwAAZ-gL.jpg
721724515999465472,2016-04-17 15:38:28,Getting warmed up for our regular season finale against Army West Point. Live updates @BUGameDay #GoBU https://t.co/ZTJabt1e9g,http://pbs.twimg.com/ext_tw_video_thumb/721724468184412161/pu/img/qvKT84Ux29IYP9bX.jpg
721510451734003712,2016-04-17 01:27:51,Big win today over Lehigh! Quick turnaround before we face Army with a chance to clinch the PL regular season title https://t.co/xAjT1TrUqW,http://pbs.twimg.com/media/CgNR7Y7W8AAKiEx.jpg
718088169829351424,2016-04-07 14:48:55,The amount of support we received yesterday on #BUGivingDay blew us away... Thank you all so much! #ProudToBU https://t.co/vu8m2e6NeH,http://pbs.twimg.com/media/CfcpYVGUAAACs2P.jpg
717896751206830082,2016-04-07 02:08:18,ONLY 2 HOURS LEFT OF #BUGivingDay! Help us get back into the top 4! Tell everyone you know! https://t.co/STnxdy9HwT,http://pbs.twimg.com/media/CfZ7SHlW8AEVgN3.jpg
717844089337737217,2016-04-06 22:39:02,We have reached our goal of $10k and we still have 5 hours left of #BUGivingDay! Our captain has a reminder for you! https://t.co/4vgDhetWVR,http://pbs.twimg.com/ext_tw_video_thumb/717844015731728384/pu/img/mv6gcjgzqxgYpf1T.jpg
717813481752432640,2016-04-06 20:37:25,"No, YOU donated! We just hit 100 donors! Thank you for your support so far! 8 hours left to donate! #BUGivingDay üéæüêæ https://t.co/ZR39GwNvew",http://pbs.twimg.com/media/CfYvjlLUMAAshHU.jpg
717774981069979648,2016-04-06 18:04:25,We are in 4th place in the #BUGivingDay Athletics Challenge! https://t.co/TCeS839Pos! Every donor counts! #GoBU https://t.co/RUF3BVEv5i,http://pbs.twimg.com/media/CfYMiSpXIAA_KXT.jpg
717726343643930624,2016-04-06 14:51:09,We've already beaten our fundraising total from 2015! Help us hit our $10k goal! #BUGivingDay #GoBU https://t.co/wohvB0QqlM,http://pbs.twimg.com/media/CfXgTTPW8AAI_UI.jpg
717562999599403008,2016-04-06 04:02:05,"#BUGivingDay is here! https://t.co/QcqRmFEtC2 
Your donation goes straight to these good looking guys! #GoBU üêæüéæ https://t.co/axkaT30dqI",http://pbs.twimg.com/media/CfVLubLUMAA8P7e.jpg
717396119169400832,2016-04-05 16:58:58,"üêæ #BUGivingDay
üéæ $10k Matching Donor
‚úîÔ∏è Athletics Challenge
‚úÖ Your Gift
üïõ Midnight+All Day
üìç https://t.co/tjhVm2mwqD https://t.co/7woyRfE6Fs",http://pbs.twimg.com/media/CfSz9DVUMAE3A_X.jpg
716436563287281664,2016-04-03 01:26:02,4 days til #BUGivingDay! Save the date for April 6 at https://t.co/erheF0CS1I #GoBU https://t.co/pG0J8X7Vk8,http://pbs.twimg.com/media/CfFLQC8VAAA8LSK.jpg
714556875166060544,2016-03-28 20:56:49,"We picked up a tough win at Colgate yesterday to improve to 2-0 in the Patriot League! #GoBU
https://t.co/UBMdbfat1Q https://t.co/63UyrOAAW2",http://pbs.twimg.com/media/CeqdrlxWwAIKvys.jpg
714167681868541952,2016-03-27 19:10:18,BIG WIN AT COLGATE! 4-3 Stefan Lemire with the clinch 6-4 in the third! #GoBU! https://t.co/kWaJdXuEYc,http://pbs.twimg.com/media/Cek7sJmWwAAqHL8.jpg
714101298996580352,2016-03-27 14:46:31,"We've arrived at Colgate! Match time set for noon, live updates @BUGameDay #GoBU https://t.co/hA0Kcnczoe",http://pbs.twimg.com/media/Cej_U5SXEAEOZ0L.jpg
713384999450513410,2016-03-25 15:20:12,"Your donation to BU Men's Tennis can go a long way on #BUGivingDay!
Read about it here:
https://t.co/51QImnSuOX https://t.co/jgkTVaWuH5",http://pbs.twimg.com/media/CeZz3U3W4AADRc3.jpg
712616963885961216,2016-03-23 12:28:18,RT @buwoten: SENIOR DAY IS TOMORROW! 3pm vs. UConn!! #GoBU https://t.co/vHqhAu3f2k,http://pbs.twimg.com/media/CeOnwdKW4AA3eVl.jpg
711723104700071936,2016-03-21 01:16:25,"Stefan celebrated his and Josh's Senior Day with a monster singles win #ProudToBU 
https://t.co/gC174HXKCn https://t.co/sBUCVAe76V",http://pbs.twimg.com/media/CeCMYIGWEAEJcB9.jpg
711630325097570305,2016-03-20 19:07:45,Happy Senior Day to Big Steffi and the Aussie! #GoBU https://t.co/G2INU2rqBO,http://pbs.twimg.com/media/CeA4ABPWoAAbzfm.jpg
711544004920406016,2016-03-20 13:24:45,SENIOR DAY is here! 11 a.m. vs. Illinois State. Be here! https://t.co/QvZsvOwEH6,http://pbs.twimg.com/media/Cd_pe51WAAAQ00i.jpg
711342295099056129,2016-03-20 00:03:13,SENIOR DAY! Tomorrow at 11. Stefan Lemire and Josh Hurd will be honored for their years of dedication to BU Tennis https://t.co/9B69NpSgR4,http://pbs.twimg.com/media/Cd8yCs3UsAAAnT0.jpg
710987169083609093,2016-03-19 00:32:05,Great to pick up a #PL win and a point for #BU in the @TurnpikeTrophy standings! Last home game on Sun.! #GoBU https://t.co/7lKDjLeugM,http://pbs.twimg.com/media/Cd3vEAgUIAAfj0Q.jpg
710968444309676033,2016-03-18 23:17:40,Our #TurnpikeTrophy Doubles Team MVPs! Senior Day is Sunday! #GoBU https://t.co/dfefh3PYQg,http://pbs.twimg.com/media/Cd3eCEpWoAE7gP1.jpg
710960249272987652,2016-03-18 22:45:07,RT @TurnpikeTrophy: Next up: @TerrierLacrosse will host @HCrossWLAX on April 20! #TurnpikeTrophy https://t.co/3jvxmYEPdB,http://pbs.twimg.com/media/Cd3P4hyXIAA7u7d.jpg
710959954123997184,2016-03-18 22:43:56,RT @TurnpikeTrophy: Updated standings after today's men's tennis match. https://t.co/5lIMeviuLa,http://pbs.twimg.com/media/Cd3PixMWEAApte6.jpg
710952996138520577,2016-03-18 22:16:17,RT @TurnpikeTrophy: Congrats to @TerrierTennis senior Stefan Lemire on earning #TurnpikeTrophy MVP honors! https://t.co/w0t8Nl73aL,http://pbs.twimg.com/media/Cd3OlkuWwAAU9B-.jpg
710889633840762881,2016-03-18 18:04:31,Almost match time! Come get your Terrier Fan Zone points and watch us compete for the Turnpike Trophy! #GoBU https://t.co/Fs0SuM8gUt,http://pbs.twimg.com/media/Cd2WWZNXEAAEaQ2.jpg
710634565136683009,2016-03-18 01:10:57,We're excited to open up @PatriotLeague play tomorrow against @HCrossMTennis with the @TurnpikeTrophy on the line! https://t.co/W4817dqh19,http://pbs.twimg.com/media/CdyuXcJVIAA1ekw.jpg
709500790294056960,2016-03-14 22:05:44,Congrats to Satyajit on earning his 1st @PatriotLeague Player of the Week Award! #ProudToBU https://t.co/PS3qbfMkFe https://t.co/8VOBEAztPU,http://pbs.twimg.com/media/CdinNYOWwAEDSyX.jpg
709105063894056960,2016-03-13 19:53:16,Great week training in South Carolina highlighted by a 6-1 win over The Citadel and 3 singles wins from Jay &amp; Sauce! https://t.co/dI0pdENXyI,http://pbs.twimg.com/media/Cdc_Jp_W8AEFcfl.jpg
709052841906667520,2016-03-13 16:25:45,"Thanks to the Lawrence Barki (Questrom'93) $10k Challenge, any donation on April 6 #BUGivingDay will be matched! https://t.co/Kp0bdNGJqn",http://pbs.twimg.com/media/CdcPyLVUsAArXxT.jpg
708682983557996544,2016-03-12 15:56:04,Taking on South Carolina State at noon for the last match of our spring break trip! #GoBU https://t.co/WYFNDdLHLC,http://pbs.twimg.com/media/CdW_Y92W4AAcfwC.jpg
708304311789477889,2016-03-11 14:51:22,Match time at the College of Charleston. Let's go BU! https://t.co/sl9skM2QOz,http://pbs.twimg.com/media/CdRnAnlW4AAexPT.jpg
708151259182735360,2016-03-11 04:43:11,Big win for us over The Citadel tonight! Quick turnaround before we face College of Charleston at 11 a.m. #GoBU! https://t.co/gbh15kaxes,http://pbs.twimg.com/media/CdPbz88VAAAme1v.jpg
708118111136964608,2016-03-11 02:31:28,RT @buwoten: Great road win today to end our spring break trip! We next visit Brown on March 18! #GoBU https://t.co/X29oKecQTW,http://pbs.twimg.com/media/CdOpTRwWEAA0qll.jpg
708053653270237187,2016-03-10 22:15:20,Mario Sandoval getting warmed up for our match against The Citadel at 5:30 est. Updates on @BUGameDay https://t.co/U2RlNBW4BI,http://pbs.twimg.com/ext_tw_video_thumb/708053541345107969/pu/img/0iCpBmMBWKEwILUo.jpg
707221238872027136,2016-03-08 15:07:37,Great team dinner last night in Charleston! Hitting the road to take on Francis Marion at 2 pm! #GoBU https://t.co/U8R75CRDW8,http://pbs.twimg.com/media/CdCN9QUWEAETA52.jpg
706647416825581569,2016-03-07 01:07:27,"Next stop: Charleston, South Carolina #SBK16 #GoBU https://t.co/8XCaFVJS68",http://pbs.twimg.com/media/Cc6EEpqVAAA8oB_.jpg
705958696598294529,2016-03-05 03:30:44,RT @TerrierHockey: Huge night from Bobo‚Ä¶ we‚Äôll aim for a series win tomorrow at 7! #GoBU https://t.co/uLDBL73SNy,http://pbs.twimg.com/media/CcwRksXW8AEp0xD.jpg
705956341660184577,2016-03-05 03:21:22,RT @TerrierHockey: Carpenter‚Äôs second of the night lifts the Terriers to a 2-1 overtime victory in game one! #GoBU https://t.co/u2wSqEWUR7,http://pbs.twimg.com/media/CcwPajTXIAE3UcN.jpg
705566584287469568,2016-03-04 01:32:37,RT @TurnpikeTrophy: Next up: @TerrierTennis vs. @HCrossMTennis on March 18. #TurnpikeTrophy https://t.co/6M6weuHCAx,http://pbs.twimg.com/media/CcqlqjyWAAAJUkL.jpg
703585363789549568,2016-02-27 14:19:57,Battled from behind to a 4-3 win at MIT last night! Back at it at Quinnipiac next weekend! #GoBU https://t.co/gOBKzWD6fe,http://pbs.twimg.com/media/CcOjKBxXIAAMrBO.jpg
703401669569220608,2016-02-27 02:10:01,"Jeff Chan clinches the 4-3 win over MIT with a 6-3, 6-2 victory on Court 6! #GoBU #ProudToBU https://t.co/bBwhTx0jxo",http://pbs.twimg.com/ext_tw_video_thumb/703401596252778496/pu/img/5AvH8YE4_PsuYQfl.jpg
703376720439672832,2016-02-27 00:30:52,Jay pulls out the comeback win at Line 1 to even the match at 1! #GoBU https://t.co/S7p8XFlh5x,http://pbs.twimg.com/ext_tw_video_thumb/703376669428604928/pu/img/UOW--jrOu7GQHqaQ.jpg
703308428689719298,2016-02-26 19:59:30,We're taking on MIT at 5 pm at the DuPont Bubble in Cambridge! #FlashbackFriday to this pic from MIT last fall #GoBU https://t.co/P5MqLAe2G6,http://pbs.twimg.com/media/CcKnR4cW4AAyLco.jpg
700818508544868355,2016-02-19 23:05:27,"First sets for Johanna, Lauren, and Irene for @buwoten against Harvard! Let's go ladies! https://t.co/HGuDchbhDL",http://pbs.twimg.com/media/CbnOtmcWwAE0RCI.jpg
697961223590178816,2016-02-12 01:51:37,"Read about our thrilling 4-3 come-from-behind win over UConn last night! #GoBU 
https://t.co/R1vS5tadDL https://t.co/nzDV5ycYwH",http://pbs.twimg.com/media/Ca-oCAtWAAA3YMl.jpg
697505255060324352,2016-02-10 19:39:46,Getting set for a 4 p.m. tilt with UConn at the TTC. See you there! https://t.co/Ts7ljQcMPY,http://pbs.twimg.com/media/Ca4JU_VUcAAXAl_.jpg
697239082196455425,2016-02-10 02:02:05,Head over to the TTC after class tomorrow to catch us in action against UConn! 4 p.m. Free admission #GoBU! https://t.co/fEbtitqxme,http://pbs.twimg.com/media/Ca0XPdBUcAAC8JJ.jpg
696717817949896704,2016-02-08 15:30:46,"Big win for us yesterday over Fairfield. Back in action Wednesday vs.UConn at the TTC! #GoBU
https://t.co/0GGjgnDvU0 https://t.co/d9ewoh1uLw",http://pbs.twimg.com/media/Cas9KT5W4AIEQMF.jpg
696437347861274624,2016-02-07 20:56:17,Mario &amp; Lucas battled to victories before Jake clinched the match for our first win over Fairfield since '07! #GoBU https://t.co/7AJSfmDQl6,http://pbs.twimg.com/media/Cao-EwHWwAEn3VL.jpg
696311552757100544,2016-02-07 12:36:25,"GAMEDAY! Kick off your Super Bowl Sunday pregame with some BU Tennis! #GoBU 
https://t.co/64yiCACpgD https://t.co/Oq93jitndA",http://pbs.twimg.com/media/CanLqdrUUAA696J.jpg
695717295532990464,2016-02-05 21:15:03,Looking forward to hosting Fairfield on Sunday in our home opener! Come join the pre-Super Bowl entertainment! #GoBU https://t.co/ykClnqBm2z,http://pbs.twimg.com/media/CaevMBcXEAA5UFy.jpg
695631242281279488,2016-02-05 15:33:07,RT @BUAthletics: Another #SCtop10 No. 1 play! Sarah Hope's buzzer beater was the pick of the night! https://t.co/PvfTEfUob0,http://pbs.twimg.com/ext_tw_video_thumb/695618425624911872/pu/img/sY6R9hpkmIDrNutH.jpg
694922831994474496,2016-02-03 16:38:08,"The recap from our weekend split with Sacred Heart and #33 Harvard #GoBU 
https://t.co/PTjImSz7aE https://t.co/TOdynDfoy9",http://pbs.twimg.com/media/CaTcoWNWAAEu1Kt.jpg
694367255119974400,2016-02-02 03:50:28,RT @TerrierHockey: Doyle adds an empty-netter and we‚Äôre on to finals!! See you next Monday. #BUBeanpot https://t.co/TzyVh0EWGx,http://pbs.twimg.com/media/CaLhbZrWcAEaE70.jpg
694291312326107136,2016-02-01 22:48:42,"Congratulations to senior Will Kwok, who earned @PatriotLeague Player of the Week honors!
https://t.co/hHTSKMRKWa https://t.co/BgrzErsjyy",http://pbs.twimg.com/media/CaKeQ3sUkAA9lUa.jpg
694290718785937408,2016-02-01 22:46:21,RT @buwoten: Senior Johanna Hyoty was named Player of the Week by the @PatriotLeague!!! https://t.co/hov4DuvOOd https://t.co/uzlHgpBRjY,http://pbs.twimg.com/media/CaKa5IIUMAAsEgA.jpg
694164019024941057,2016-02-01 14:22:53,RT @BUAthletics: Here it is... the #SCtop10 No. 1 play from Sunday! #GoBU https://t.co/UCMg7GYpLO,http://pbs.twimg.com/ext_tw_video_thumb/694160920759681026/pu/img/b4Cf3vqt2vQ6Y8h5.jpg
694027506907766784,2016-02-01 05:20:26,RT @TerrierHockey: Guess what? It‚Äôs Beanpot Monday. #BUbeanpot https://t.co/Y2xcbptBjP https://t.co/RJME7NPBzt,http://pbs.twimg.com/media/CaGqcCAW0AACYH5.jpg
694010542328057856,2016-02-01 04:13:02,"Fought hard at #33 Harvard, but came up just short on a few courts. We hope to see you at our home opener on Sunday! https://t.co/5wT5rAPU4c",http://pbs.twimg.com/media/CaGe6HvWQAAVOAH.jpg
693949907800031234,2016-02-01 00:12:05,RT @buwoten: Great win today in a rematch of last year's @PatriotLeague Final! We next host Bryant on Friday. #GoBU https://t.co/mzY8vTWEMX,http://pbs.twimg.com/media/CaFgABUWQAAiGWR.jpg
693843883499847680,2016-01-31 17:10:47,Picked up our first W of the season yesterday at Sacred Heart! We take on #33 Harvard today at 2! #GoBU https://t.co/yXBH3o0PEA,http://pbs.twimg.com/media/CaEHU_uW0AA9fU4.jpg
691636846716178432,2016-01-25 15:00:48,Tough way to start our season last night at Brown. Congrats to Sauce on a HUGE comeback for his first college win! https://t.co/xWTLJMHbqx,http://pbs.twimg.com/media/CZkwDCbWYAEM50J.jpg
691286251119460353,2016-01-24 15:47:40,RT @buwoten: Come cheer on Kim McCallum and the rest of the seniors for their LAST first match today at 12pm! https://t.co/KFiw5WwOo6,http://pbs.twimg.com/media/CZfnbtdWAAASPtT.jpg
691066118694395904,2016-01-24 01:12:56,"Check out our season preview featuring Stefan Lemire, @jdogarhurd and @jjakedevriess! #GoBU https://t.co/MQfcmk1qUT https://t.co/vgMU2VZ9yk",http://pbs.twimg.com/media/CZco-C1WEAE8TS1.jpg
690550563105325056,2016-01-22 15:04:18,Join us at the TTC TOMORROW at 10 am as we open our season against Hartford! Admission is FREE! #GoBU https://t.co/2UVJb91WWU,http://pbs.twimg.com/media/CZVUEtfUAAA27IG.jpg
679835016948400128,2015-12-24 01:24:33,"In addition to Hartford, we will host Fairfield, UConn, Marist, Holy Cross, Illinois St., and Merrimack. We're ready https://t.co/BMwNhBAYgZ",http://pbs.twimg.com/media/CW9CUj3UkAE2fWM.jpg
669934954533507072,2015-11-26 17:45:14,"RT @BUAthletics: From all of us at BU Athletics, have a safe and happy #Thanksgiving! https://t.co/8zWQZvXGEE",http://pbs.twimg.com/media/CUwU1hJUEAUohgc.jpg
666317401370337288,2015-11-16 18:10:22,RT @BU_MensSoccer: We're going DANCING!!! First #NCAA berth since '08 and at-large since '07! #ProudToBU https://t.co/epgAzRygyX,http://pbs.twimg.com/media/CT87eNUVAAI3Nnj.jpg
665715708521807872,2015-11-15 02:19:27,What an unbelievable comeback on the road by @BUWOSOC! SO PROUD TO BU RIGHT NOW! #goBU! https://t.co/PBoTFgpqNS,http://pbs.twimg.com/media/CT0Y54_UcAEFEsV.jpg
662772029070966784,2015-11-06 23:22:20,RT @BUGameDay: WSOC: BU WINS! The Terriers will advance to the Patriot League championship on Sunday! #GoBU https://t.co/gmb05nNcUb,http://pbs.twimg.com/media/CTKfQaqWoAEz2rf.jpg
659540889254109184,2015-10-29 01:22:56,Shoutout and huge thanks to @DeanElmore for hosting us to a wonderful dinner at his home tonight #goBU https://t.co/e7S6DE6MB1,http://pbs.twimg.com/media/CSco7ilUwAAomOy.jpg
657546973785038848,2015-10-23 13:19:49,Will Kwok and Satyajit Simhadri warming up for their first round match against Columbia. Live on Court Y! #goBU https://t.co/DbUC2jTDmx,http://pbs.twimg.com/media/CSATfAtW0AA31lj.jpg
657242151777120256,2015-10-22 17:08:34,The typo has been corrected. Crisis averted @solworth https://t.co/3Mv4oCbofU,http://pbs.twimg.com/media/CR7-P9EWsAArJmq.jpg
657241623965933568,2015-10-22 17:06:28,"According to the scoreboard, Jay plays for BC.. Gotta get that fixed asap #goBU #beatBC #beatHarvard https://t.co/jOljU80KdW",http://pbs.twimg.com/media/CR79xHCVEAADp_D.jpg
657240217733218304,2015-10-22 17:00:53,Jay is warming up for his final round of qualifying against Kelvin Lam of Harvard. Live stream Court 4! https://t.co/JubHjL9wSj,http://pbs.twimg.com/media/CR78fc_W0AAdZfM.jpg
657214517189943296,2015-10-22 15:18:46,That's a match! Jay defeats van Biezen of Quinnipiac 6-3 7-6(5) to advance at #ITAregionals #goBU! https://t.co/i2IIZqgUkQ,http://pbs.twimg.com/media/CR7lHZaUEAATbmJ.jpg
657208361767825408,2015-10-22 14:54:18,Stefan takes an early break to go up 1-0 in the second set https://t.co/U2vJGWVgAS,http://pbs.twimg.com/media/CR7fhONW0AA-zsX.jpg
657200714746306560,2015-10-22 14:23:55,Stefan Lemire serves to begin his first round match against Lakshmanan of Drexel. Live on Court E! https://t.co/JoqwttY6xn,http://pbs.twimg.com/media/CR7YkB4UEAAcYA2.jpg
657198210616840192,2015-10-22 14:13:58,Jay takes the first set 6-3! #goBU https://t.co/FXcWbdXZla,http://pbs.twimg.com/media/CR7WSTgW0AAUWcZ.jpg
655558683502518272,2015-10-18 01:39:04,RT @TerrierHockey: And it‚Äôs a 4-1 win over Wisconsin in the home opener! #ProudtoBU http://t.co/DmTjZqxq1L,http://pbs.twimg.com/media/CRkA9IWXAAE1SfI.jpg
650337982910701568,2015-10-03 15:53:52,Back at the MIT Bubble this morning taking on Amherst! 4 doubles matches followed by 4 singles matches #goBU http://t.co/Ec8vfZOOqU,http://pbs.twimg.com/media/CQZ27K7WgAAW2RU.jpg
650095784164257792,2015-10-02 23:51:27,Playing 4 singles and 4 doubles matches against MIT tonight at the MIT Bubble! Junior Miguel Cepeda in action here http://t.co/dqvFfl1puy,http://pbs.twimg.com/media/CQWaj4tUAAAkdt9.jpg
649696774517563392,2015-10-01 21:25:56,Tomorrow we begin our 2015-16 season down the road at MIT! Check in here for updates throughout the weekend. #goBU https://t.co/cVvYDxMXyg,http://pbs.twimg.com/media/CQQvxSuWIAA7-Cn.jpg
642718376767455232,2015-09-12 15:16:16,Picture day and first team meetings of the year. Meet your 2016 senior class and coaching staff! http://t.co/gTimhUGMwv,http://pbs.twimg.com/media/COtk83lVAAA2bsF.jpg
642347105881882624,2015-09-11 14:40:58,RT @usopen: We remember. #Honor911 http://t.co/JP6sVRW6gf,http://pbs.twimg.com/media/COn1VUKWoAAQVia.jpg
634829130782085120,2015-08-21 20:47:13,RT @BUwhockey: @BCHockeyNews @Buccigross that's debatable http://t.co/K3MfB8jGIa,http://pbs.twimg.com/media/CM9Iu3XWoAAJYDT.jpg
631854112687067138,2015-08-13 15:45:34,RT @NCAA: No-ad scoring coming to DI #tennis championships: http://t.co/yIetddfHAD #ncaaTennis http://t.co/YUnRdcp5Pe,http://pbs.twimg.com/media/CMTJFwiW8AAnfe5.jpg
629007911763746816,2015-08-05 19:15:47,"Meet Blake Toder! Our new Assistant Coach and Wash U St. Louis '12 graduate. Welcome to the team, Blake! #goBU! http://t.co/WhhbGBp4KM",http://pbs.twimg.com/media/CLqvXFwUcAAWUG7.jpg
624000660934127616,2015-07-22 23:38:45,"Jake De Vries &amp; Erin Neville of @BUWOSOC attended the NCAA's Career in Sports Forum #NCAACSF 
http://t.co/K3VCi5hzVn http://t.co/U7CMtYeEtw",http://pbs.twimg.com/media/CKjlSKjUsAATiB8.jpg
623906475828736000,2015-07-22 17:24:30,"Jake De Vries and Mario Sandoval have been named ITA Scholar Athletes for 2015! #GoBU 
http://t.co/JZvkt5Zwm9 http://t.co/PL8wcW5Ljt",http://pbs.twimg.com/media/CKiPocmWoAAr8JQ.jpg
598183088527577089,2015-05-12 17:48:56,RT @TerrierHockey: Eichel wins it in overtime!! @usahockey wins Group B! #ProudToBU http://t.co/oGftnA54Wj,http://pbs.twimg.com/ext_tw_video_thumb/598165801464639488/pu/img/dXhJcxcc0wtw3u8J.jpg
595743096794656769,2015-05-06 00:13:17,"Kwok, Leelavanich Earn All-Conference Honors
From BU Terriers Gameday LIVE
http://t.co/jxM3dbG9G3 http://t.co/Q1yg6aIZE8",http://pbs.twimg.com/media/CESBLq0W0AEWDdl.jpg
595653873064398849,2015-05-05 18:18:44,What else is new? The BU Women DOMINATED the All-PL awards. Big congrats to Johanna and Barbara for POY Honors! http://t.co/i35ybk3map,http://pbs.twimg.com/media/CEQwCE_WMAMsKC4.jpg
592432240459669504,2015-04-26 20:57:07,Congratulations BU WoTen! These girls dominated to repeat as PL Champs and they're going back to the NCAA Tournament! http://t.co/RJRAX0VMul,http://pbs.twimg.com/media/CDi9-lZXIAAuVhk.jpg
592348434193063936,2015-04-26 15:24:06,RT @BUGameDay: WTEN: The Terriers are warming up to battle Navy for this trophy! Doubles starts at 12 #goBU #SinkNavy http://t.co/Bwk9Si7nYX,http://pbs.twimg.com/media/CDhvTwhWoAAbvCO.jpg
588691930030157824,2015-04-16 13:14:28,Congratulations to our Team MVP Jay Leelavanich and Spring Scholar-Athlete Award recipient Emilio Teran! http://t.co/uBqt8kB4w1,http://pbs.twimg.com/media/CCt0L6EUUAAJvL_.jpg
586375316542586882,2015-04-10 03:49:04,RT @TerrierHockey: One piece left! #GoBU #BUFrozen4 http://t.co/5ik18OGnr0,http://pbs.twimg.com/media/CCMzVQfW4AAZJ-j.jpg
586326672280047616,2015-04-10 00:35:46,RT @TerrierHockey: So proud to be back here on the Garden ice. #BUFrozen4 http://t.co/8UrUDrslny,http://pbs.twimg.com/media/CCMMbIqW0AEKKxK.jpg
586163030372851712,2015-04-09 13:45:31,RT @TerrierHockey: The wait is finally over...#FrozenFour GAME DAY! #GoBU #ProudtoBU http://t.co/uJ3ibDozlx,http://pbs.twimg.com/media/CCJtXsHUMAA9QBA.jpg
583265393004974081,2015-04-01 13:51:20,We will be honoring our lone senior Emilio Teran as he plays his final home match as a Terrier http://t.co/Z9dmme0UyP,http://pbs.twimg.com/media/CBgsx4KWsAA-DdR.jpg
581972808584024064,2015-03-29 00:15:04,RT @TerrierHockey: Back to the Garden!! Frozen Four here we come! http://t.co/kNqXZpoREl,http://pbs.twimg.com/media/CBOUdEzXEAQHvfu.jpg
581565388938412032,2015-03-27 21:16:08,RT @TerrierHockey: O'Regan wins it! See you tomorrow! #ProudtoBU http://t.co/IRyZmXatB3,http://pbs.twimg.com/media/CBIhFw1WYAENYSP.jpg
581556393284661248,2015-03-27 20:40:23,RT @TerrierHockey: And we‚Äôre headed to OT‚Ä¶ #GoBU http://t.co/VZfSzidUKw,http://pbs.twimg.com/media/CBIZyZNUQAAUQmA.jpg
581517925414211584,2015-03-27 18:07:32,RT @TerrierHockey: The @NCAAIceHockey Tournament is underway! #GoBU http://t.co/KlquTcCtDv,http://pbs.twimg.com/media/CBH3C1IWoAACG66.jpg
579459754524864512,2015-03-22 01:49:05,RT @TerrierHockey: CHAMPIONS! #ProudtoBU http://t.co/VW0rMLi0mJ,http://pbs.twimg.com/media/CAqk8KaUUAAgDZ_.jpg
578953516854730752,2015-03-20 16:17:29,The kids lined up to play with captain Josh Hurd who volunteered at the Franciscan Hospital in Brighton this morning! http://t.co/vBmAiVRlXF,http://pbs.twimg.com/media/CAjbJkxW8AAQ3S0.jpg
577092291699056640,2015-03-15 13:01:38,"The boys had a great Spring Break in Miami! Despite some tight losses, we're coming back to Boston a stronger team http://t.co/eplBId17BX",http://pbs.twimg.com/media/CAI-XAtVAAAMWsc.jpg
574994588588441601,2015-03-09 18:06:07,RT @BUwhockey: Congrats to Marie-Philip Poulin on being named Hockey East Player of the Week! #PouForPatty http://t.co/JvZMn6sx2W,http://pbs.twimg.com/media/B_q9Y9CVAAE29ZZ.jpg
574994260031860736,2015-03-09 18:04:49,BUMTen is back in Miami! The boys take on Northern Illinois tomorrow at 11 am #goBU #SBK15 http://t.co/YRD7OKqZVh,http://pbs.twimg.com/media/B_rKOamXAAIYyiA.jpg
569267796292608000,2015-02-21 22:49:53,RT @BUAthletics: #BU women's tennis celebrates Senior Day with 7-0 win over Binghamton! http://t.co/PUYzxCYs5V #GoBU http://t.co/BVZAoFwvMf,http://pbs.twimg.com/media/B-ZmjdFCQAAVmrQ.jpg
536973485533577216,2014-11-24 20:03:50,RT @TerrierHockey: #ProudtoBU http://t.co/KuWNDmZuhm,http://pbs.twimg.com/media/B3OrIfgIYAATFy-.jpg
523601367718719488,2014-10-18 22:27:48,Sophomore Lucas Bombonatti modeling for his new art exhibit at the MFA! http://t.co/jP1UicTToG,http://pbs.twimg.com/media/B0Q0lz_CAAEmusd.jpg
517417796410806272,2014-10-01 20:56:30,"RT @NCAAIceHockey: RT - If you think @TerrierHockey and #BU09 was the best NCAA Champion Team!
#FrozenFourFinest http://t.co/VyARkh6kh3",http://pbs.twimg.com/media/By4wLLGIMAAwBod.jpg
501889858626138112,2014-08-20 00:34:01,Jake De Vries('17) reached the Huntington Bch mens open final this week falling to Brendan McClain of #29 Boise State http://t.co/gPyxVpak7l,http://pbs.twimg.com/media/BvcSKeLIAAA6SZD.jpg
